time,x,y,action,interactions,target_obj
24:34.8,472,33,standing,none,none
24:35.0,472,33,standing,none,none
24:35.2,463,19,standing,none,none
24:35.4,463,19,standing,none,none
24:35.6,442,2,standing,none,none
24:35.8,442,2,standing,none,none
24:36.0,442,2,standing,none,none
24:36.8,246,189,sitting,eating,food
24:37.0,246,189,sitting,eating,food
24:37.3,245,192,sitting,eating,food
24:37.5,245,192,sitting,eating,food
24:37.7,245,192,sitting,eating,food
24:37.9,244,192,sitting,eating,food
24:38.1,244,192,sitting,eating,food
24:38.9,473,21,walking,none,none
24:39.1,473,21,walking,none,none
24:39.3,473,21,walking,none,none
24:39.5,474,25,walking,none,none
24:39.7,474,25,walking,none,none
24:40.0,475,26,standing,none,none
24:40.2,475,26,standing,none,none
24:40.4,474,25,standing,none,none
24:40.6,474,25,walking,none,none
24:40.8,474,25,walking,none,none
24:41.0,473,10,walking,none,none
24:41.2,473,10,walking,none,none
24:41.4,472,0,walking,none,none
24:41.6,472,0,walking,none,none
24:42.9,245,192,sitting,eating,food
24:43.1,245,192,sitting,eating,food
24:43.3,245,192,sitting,eating,food
24:43.5,250,188,sitting,eating,food
24:43.7,250,188,sitting,eating,food
24:43.9,250,188,sitting,eating,food
24:44.1,247,191,sitting,eating,food
24:44.3,247,191,sitting,eating,food
24:44.7,248,191,sitting,eating,food
24:44.9,248,191,sitting,eating,food
24:45.4,243,195,sitting,eating,food
24:45.6,243,195,sitting,eating,food
24:46.4,253,187,sitting,eating,food
24:46.6,253,187,sitting,eating,food
24:46.8,247,190,sitting,eating,food
24:47.0,247,190,sitting,eating,food
24:47.2,247,190,sitting,eating,food
24:47.4,246,189,sitting,eating,food
24:47.6,246,189,sitting,eating,food
24:48.1,248,190,sitting,eating,food
24:48.3,248,190,sitting,eating,food
24:48.5,252,190,sitting,eating,food
24:48.7,252,190,sitting,eating,food
24:48.9,252,190,sitting,eating,food
24:49.3,249,191,sitting,eating,food
24:49.5,249,191,sitting,eating,food
24:49.9,245,194,sitting,eating,food
24:50.1,245,194,sitting,eating,food
24:50.3,242,196,sitting,eating,food
24:50.5,242,196,sitting,eating,food
24:50.8,242,196,sitting,eating,food
24:51.0,251,188,sitting,eating,food
24:51.2,251,188,sitting,eating,food
24:51.6,250,188,sitting,none,none
24:51.8,250,188,sitting,none,none
24:52.0,247,190,sitting,none,none
24:52.2,247,190,sitting,none,none
24:52.4,248,189,sitting,none,none
24:52.6,248,189,sitting,none,none
24:52.8,248,189,sitting,none,none
24:53.0,251,188,sitting,eating,food
24:53.2,251,188,sitting,eating,food
24:53.7,249,189,sitting,eating,food
24:53.9,249,189,sitting,eating,food
24:54.1,242,193,sitting,eating,food
24:54.3,242,193,sitting,eating,food
24:54.5,242,193,sitting,eating,food
24:54.7,248,190,sitting,eating,food
24:54.9,248,190,sitting,eating,food
24:55.3,248,189,sitting,eating,food
24:55.5,248,189,sitting,eating,food
24:55.7,251,187,sitting,eating,food
24:55.9,251,187,sitting,eating,food
24:56.2,258,188,sitting,eating,food
24:56.4,257,190,sitting,eating,food
24:56.6,259,189,sitting,eating,food
24:56.8,264,187,sitting,eating,food
24:57.0,257,187,sitting,eating,food
24:57.2,257,187,sitting,eating,food
24:57.4,259,186,sitting,eating,food
24:57.6,256,186,sitting,none,none
24:57.8,262,182,sitting,none,none
24:58.0,255,185,sitting,eating,food
24:58.2,255,185,sitting,eating,food
24:58.4,246,191,sitting,eating,food
24:58.6,244,195,sitting,eating,food
24:58.9,254,189,sitting,eating,food
24:59.1,261,183,sitting,eating,food
24:59.3,258,188,sitting,eating,food
24:59.5,256,191,sitting,eating,food
24:59.7,264,189,sitting,eating,food
24:59.9,265,192,sitting,eating,food
25:00.1,265,190,sitting,eating,food
25:00.3,265,190,sitting,eating,food
25:00.5,259,191,sitting,eating,food
25:00.7,256,192,sitting,eating,food
25:00.9,264,189,sitting,eating,food
25:01.1,258,189,sitting,eating,food
25:01.4,261,191,sitting,eating,food
25:01.6,258,193,sitting,eating,food
25:01.8,260,190,sitting,eating,food
25:02.0,263,186,sitting,eating,food
25:02.2,259,189,sitting,eating,food
25:02.4,256,191,sitting,eating,food
25:02.6,259,190,sitting,eating,food
25:02.8,256,191,sitting,eating,food
25:03.0,258,189,sitting,eating,food
25:03.2,255,189,sitting,eating,food
25:03.4,258,189,sitting,eating,food
25:03.7,256,189,sitting,eating,food
25:03.9,256,189,sitting,eating,food
25:04.1,263,187,sitting,eating,food
25:04.3,255,189,sitting,eating,food
25:04.5,255,188,sitting,eating,food
25:04.7,262,185,sitting,eating,food
25:04.9,255,187,sitting,eating,food
25:05.1,255,187,sitting,eating,food
25:05.3,255,190,sitting,eating,food
25:05.5,255,190,sitting,eating,food
25:05.7,260,190,sitting,eating,food
25:05.9,258,190,sitting,eating,food
25:06.1,259,190,sitting,eating,food
25:06.4,254,192,sitting,eating,food
25:06.6,254,192,sitting,eating,food
25:06.8,264,191,sitting,eating,food
25:07.0,258,191,sitting,eating,food
25:07.2,258,190,sitting,eating,food
25:07.4,259,191,sitting,eating,food
25:07.6,257,191,sitting,eating,food
25:07.8,260,193,sitting,eating,food
25:08.0,260,192,sitting,eating,food
25:08.2,261,191,sitting,eating,food
25:08.4,255,193,sitting,eating,food
25:08.6,258,192,sitting,eating,food
25:08.8,254,192,sitting,eating,food
25:09.1,257,192,sitting,eating,food
25:09.3,257,192,sitting,eating,food
25:09.5,265,192,sitting,eating,food
25:09.7,258,192,sitting,eating,food
25:09.9,257,190,sitting,eating,food
25:10.1,264,188,sitting,eating,food
25:10.3,256,192,sitting,eating,food
25:10.5,256,192,sitting,eating,food
25:10.7,263,187,sitting,eating,food
25:10.9,254,189,sitting,eating,food
25:11.1,258,190,sitting,eating,food
25:11.3,257,192,sitting,eating,food
25:11.6,257,192,sitting,eating,food
25:11.8,257,192,sitting,eating,food
25:12.0,264,188,sitting,eating,food
25:12.2,263,186,sitting,eating,food
25:12.4,263,186,sitting,eating,food
25:12.6,257,188,sitting,eating,food
25:12.8,257,188,sitting,eating,food
25:13.0,257,191,sitting,eating,food
25:13.2,257,191,sitting,eating,food
25:13.4,258,193,sitting,eating,food
25:13.6,259,192,sitting,eating,food
25:13.8,259,192,sitting,eating,food
25:14.1,256,193,sitting,eating,food
25:14.3,257,194,sitting,eating,food
25:14.5,257,194,sitting,eating,food
25:14.7,256,190,sitting,eating,food
25:14.9,256,190,sitting,eating,food
25:15.1,265,193,sitting,none,none
25:15.3,257,193,sitting,eating,food
25:15.5,256,191,sitting,eating,food
25:15.7,265,191,sitting,eating,food
25:15.9,255,194,sitting,eating,food
25:16.1,258,191,sitting,eating,food
25:16.3,263,186,sitting,none,none
25:16.6,259,188,sitting,eating,food
25:16.8,256,189,sitting,eating,food
25:17.0,259,188,sitting,eating,food
25:17.2,257,188,sitting,eating,food
25:17.4,259,188,sitting,eating,food
25:17.6,257,189,sitting,eating,food
25:17.8,259,188,sitting,eating,food
25:18.0,262,185,sitting,eating,food
25:18.2,255,188,sitting,eating,food
25:18.4,256,191,sitting,eating,food
25:18.6,257,191,sitting,eating,food
25:18.8,255,187,sitting,eating,food
25:19.1,255,187,sitting,eating,food
25:19.3,257,189,sitting,eating,food
25:19.5,257,189,sitting,eating,food
25:19.7,255,190,sitting,eating,food
25:19.9,255,190,sitting,eating,food
25:20.1,256,192,sitting,eating,food
25:20.3,264,189,sitting,none,none
25:20.5,256,189,sitting,eating,food
25:20.7,256,189,sitting,eating,food
25:20.9,246,188,sitting,none,none
25:21.1,251,188,sitting,none,none
25:21.3,248,188,sitting,none,none
25:21.6,232,135,sitting,eating,food
25:21.8,222,117,sitting,eating,food
25:22.0,217,116,sitting,none,none
25:22.2,232,190,sitting,none,none
25:22.4,193,132,sitting,none,none
25:22.6,198,132,sitting,eating,food
25:22.8,156,150,sitting,none,none
25:23.0,93,118,walking,none,none
25:23.2,126,180,walking,eating,food
25:23.4,105,201,walking,none,none
25:23.6,126,220,walking,eating,food
25:23.8,118,235,walking,none,none
25:24.0,167,239,sitting,eating,food
25:24.2,148,292,walking,none,none
25:24.5,168,297,walking,eating,food
25:24.7,156,402,walking,none,none
25:24.9,200,332,walking,eating,food
25:25.1,225,353,walking,eating,food
25:25.3,220,462,walking,none,none
25:25.5,249,375,sitting,eating,food
25:25.7,254,404,walking,none,none
25:25.9,266,383,walking,eating,food
25:26.1,274,387,sitting,eating,food
25:26.3,280,387,sitting,eating,food
25:26.5,289,435,sitting,none,none
25:26.7,281,391,sitting,eating,food
25:27.0,294,437,sitting,none,none
25:27.2,291,424,sitting,none,none
25:27.4,293,437,sitting,none,none
25:27.6,287,425,sitting,none,none
25:27.8,289,438,sitting,none,none
25:28.2,289,434,sitting,none,none
25:28.4,281,390,sitting,eating,food
25:28.6,280,391,sitting,eating,food
25:28.8,284,391,sitting,eating,food
25:29.0,299,421,sitting,none,none
25:29.2,293,386,sitting,eating,food
25:29.4,283,301,sitting,none,none
25:29.7,277,246,sitting,none,none
25:29.9,269,256,sitting,eating,food
25:30.1,276,269,sitting,none,none
25:30.3,288,291,sitting,none,none
25:30.5,277,268,sitting,none,none
25:30.7,271,254,sitting,eating,food
25:30.9,279,266,sitting,none,none
25:31.1,274,252,sitting,eating,food
25:31.3,271,255,sitting,eating,food
25:31.5,275,305,sitting,none,none
25:31.7,264,261,sitting,eating,food
25:31.9,282,358,sitting,none,none
25:32.2,262,262,sitting,eating,food
25:32.4,267,312,sitting,none,none
25:32.6,262,266,sitting,eating,food
25:32.8,266,315,sitting,none,none
25:33.0,262,266,sitting,eating,food
25:33.2,263,264,sitting,eating,food
25:33.4,263,264,sitting,eating,food
25:33.6,276,301,sitting,none,none
25:33.8,273,308,sitting,none,none
25:34.0,266,260,sitting,eating,food
25:34.2,274,308,sitting,none,none
25:34.4,266,263,sitting,eating,food
25:34.7,269,309,sitting,eating,food
25:34.9,261,264,sitting,eating,food
25:35.1,262,316,sitting,eating,food
25:35.3,261,371,sitting,eating,food
25:35.5,250,241,sitting,eating,food
25:35.7,246,229,sitting,eating,food
25:35.9,245,179,sitting,eating,food
25:36.1,251,191,sitting,eating,food
25:36.3,244,179,sitting,eating,food
25:36.5,247,181,sitting,eating,food
25:36.7,241,180,sitting,eating,food
25:37.0,249,183,sitting,eating,food
25:37.2,240,176,sitting,eating,food
25:37.4,248,182,sitting,eating,food
25:37.6,239,174,sitting,eating,food
25:37.8,248,180,sitting,eating,food
25:38.0,244,178,sitting,eating,food
25:38.2,249,178,sitting,eating,food
25:38.4,245,180,sitting,eating,food
25:38.6,245,183,sitting,eating,food
25:38.8,245,177,sitting,eating,food
25:39.0,244,177,sitting,none,none
25:39.2,245,180,sitting,none,none
25:39.5,247,174,sitting,none,none
25:39.7,243,180,sitting,none,none
25:39.9,246,173,sitting,none,none
25:40.1,244,182,sitting,none,none
25:40.3,252,181,sitting,none,none
25:40.5,245,181,sitting,eating,food
25:40.7,250,182,sitting,eating,food
25:40.9,243,171,sitting,eating,food
25:41.1,248,183,sitting,eating,food
25:41.3,242,171,sitting,eating,food
25:41.5,250,177,sitting,eating,food
25:41.7,243,171,sitting,eating,food
25:41.9,248,182,sitting,eating,food
25:42.1,245,179,sitting,eating,food
25:42.4,247,182,sitting,eating,food
25:42.6,246,179,sitting,eating,food
25:42.8,244,176,sitting,eating,food
25:43.0,244,177,sitting,eating,food
25:43.2,244,174,sitting,eating,food
25:43.4,245,175,sitting,eating,food
25:43.6,246,173,sitting,eating,food
25:43.8,243,181,sitting,eating,food
25:44.0,247,182,sitting,eating,food
25:44.2,241,181,sitting,none,none
25:44.4,252,191,sitting,none,none
25:44.7,250,191,sitting,eating,food
25:44.9,244,182,sitting,eating,food
25:45.1,243,182,sitting,eating,food
25:45.3,241,171,sitting,eating,food
25:45.5,243,183,sitting,eating,food
25:45.7,242,179,sitting,eating,food
25:45.9,240,181,sitting,eating,food
25:46.1,243,177,sitting,eating,food
25:46.3,241,181,sitting,eating,food
25:46.5,245,181,sitting,eating,food
25:46.7,243,183,sitting,eating,food
25:46.9,245,179,sitting,eating,food
25:47.2,242,181,sitting,eating,food
25:47.4,243,181,sitting,eating,food
25:47.6,246,177,sitting,eating,food
25:47.8,244,181,sitting,eating,food
25:48.0,246,178,sitting,eating,food
25:48.2,241,184,sitting,eating,food
25:48.4,246,178,sitting,eating,food
25:48.6,242,182,sitting,eating,food
25:48.8,249,181,sitting,eating,food
25:49.0,239,180,sitting,eating,food
25:49.2,244,177,sitting,eating,food
25:49.5,240,182,sitting,eating,food
25:49.7,243,182,sitting,eating,food
25:49.9,242,183,sitting,eating,food
25:50.1,242,179,sitting,eating,food
25:50.3,293,261,sitting,eating,food
25:50.5,293,260,sitting,eating,food
25:50.7,284,245,sitting,eating,food
25:50.9,241,182,sitting,eating,food
25:51.1,295,263,sitting,eating,food
25:51.3,291,266,sitting,eating,food
25:51.5,244,178,sitting,eating,food
25:51.7,285,252,sitting,eating,food
25:52.0,294,264,sitting,none,none
25:52.2,307,279,sitting,none,none
25:52.4,242,181,sitting,eating,food
25:52.6,245,177,sitting,eating,food
25:52.8,242,180,sitting,none,none
25:53.0,245,176,sitting,eating,food
25:53.2,242,174,sitting,eating,food
25:53.4,249,182,sitting,eating,food
25:53.6,242,181,sitting,eating,food
25:53.8,249,183,sitting,eating,food
25:54.0,242,182,sitting,eating,food
25:54.2,245,181,sitting,eating,food
25:54.5,241,180,sitting,eating,food
25:54.7,246,180,sitting,eating,food
25:54.9,241,176,sitting,eating,food
25:55.1,249,184,sitting,eating,food
25:55.3,245,181,sitting,eating,food
25:55.5,248,191,sitting,eating,food
25:55.7,247,189,sitting,eating,food
25:55.9,244,191,sitting,none,none
25:56.1,250,192,sitting,none,none
25:56.3,243,189,sitting,none,none
25:56.5,248,189,sitting,none,none
25:56.7,248,191,sitting,none,none
25:56.9,247,192,sitting,eating,food
25:57.2,252,191,sitting,eating,food
25:57.4,248,191,sitting,eating,food
25:57.6,251,191,sitting,eating,food
25:57.8,246,191,sitting,eating,food
25:58.0,257,192,sitting,eating,food
25:58.2,252,193,sitting,none,none
25:58.4,254,191,sitting,eating,food
25:58.6,242,190,sitting,eating,food
25:58.8,251,191,sitting,eating,food
25:59.0,240,188,sitting,eating,food
25:59.2,250,189,sitting,eating,food
25:59.5,241,188,sitting,eating,food
25:59.7,248,190,sitting,eating,food
25:59.9,244,191,sitting,eating,food
26:00.1,244,192,sitting,eating,food
26:00.3,246,191,sitting,eating,food
26:00.5,250,190,sitting,eating,food
26:00.7,246,190,sitting,eating,food
26:00.9,249,187,sitting,eating,food
26:01.1,244,186,sitting,eating,food
26:01.3,244,186,sitting,eating,food
26:01.5,245,189,sitting,eating,food
26:01.7,269,243,sitting,eating,food
26:02.0,282,272,sitting,eating,food
26:02.2,277,252,sitting,eating,food
26:02.4,252,188,sitting,eating,food
26:02.6,279,252,sitting,eating,food
26:02.8,284,271,sitting,eating,food
26:03.0,245,191,sitting,eating,food
26:03.2,299,298,sitting,eating,food
26:03.4,304,290,sitting,eating,food
26:03.6,291,268,sitting,eating,food
26:03.8,245,189,sitting,eating,food
26:04.0,308,290,sitting,eating,food
26:04.2,296,269,sitting,eating,food
26:04.5,243,188,sitting,eating,food
26:04.7,292,274,sitting,eating,food
26:04.9,280,258,sitting,eating,food
26:05.1,293,275,sitting,eating,food
26:05.3,243,191,sitting,eating,food
26:05.5,246,190,sitting,eating,food
26:05.7,244,190,sitting,eating,food
26:05.9,249,190,sitting,eating,food
26:06.1,245,190,sitting,eating,food
26:06.3,233,165,sitting,eating,food
26:06.5,232,165,sitting,eating,food
26:06.7,245,177,sitting,eating,food
26:07.0,245,181,sitting,eating,food
26:07.2,245,179,sitting,eating,food
26:07.4,245,180,sitting,eating,food
26:07.6,242,181,sitting,eating,food
26:07.8,245,179,sitting,eating,food
26:08.0,280,245,sitting,eating,food
26:08.2,282,240,sitting,eating,food
26:08.4,245,175,sitting,none,none
26:08.6,244,172,sitting,eating,food
26:08.8,297,257,sitting,eating,food
26:09.0,288,242,sitting,none,none
26:09.2,243,182,sitting,none,none
26:09.5,273,235,sitting,none,none
26:09.7,286,257,sitting,none,none
26:09.9,270,235,sitting,none,none
26:10.1,239,183,sitting,none,none
26:10.3,278,250,sitting,none,none
26:10.5,287,259,sitting,none,none
26:10.7,239,184,sitting,none,none
26:10.9,235,175,sitting,none,none
26:11.1,238,187,sitting,none,none
26:11.3,236,176,sitting,none,none
26:11.5,232,182,sitting,none,none
26:11.7,236,178,sitting,eating,food
26:11.9,240,184,sitting,none,none
26:12.2,236,180,sitting,none,none
26:12.4,241,183,sitting,none,none
26:12.6,241,184,sitting,none,none
26:12.8,243,182,sitting,eating,food
26:13.0,260,244,sitting,eating,food
26:13.2,266,277,sitting,eating,food
26:13.4,259,262,sitting,eating,food
26:13.6,231,170,sitting,eating,food
26:13.8,236,213,sitting,eating,food
26:14.0,235,205,sitting,eating,food
26:14.2,240,185,sitting,"working,eating","computer,food"
26:14.4,250,193,sitting,none,none
26:14.7,250,200,sitting,none,none
26:14.9,238,178,sitting,eating,food
26:15.1,236,185,sitting,eating,food
26:15.3,242,186,sitting,eating,food
26:15.5,241,185,sitting,none,none
26:15.7,254,179,sitting,none,none
26:15.9,248,168,sitting,none,none
26:16.1,254,177,sitting,none,none
26:16.3,267,140,sitting,none,none
26:16.5,264,163,sitting,none,none
26:16.7,270,129,sitting,eating,food
26:16.9,258,159,sitting,none,none
26:17.2,245,190,sitting,none,none
26:17.4,242,191,sitting,eating,food
26:17.6,245,190,sitting,eating,food
26:17.8,244,190,sitting,eating,food
26:18.0,242,190,sitting,eating,food
26:18.2,247,188,sitting,none,none
26:18.4,242,190,sitting,eating,food
26:18.6,243,189,sitting,none,none
26:18.8,245,187,sitting,none,none
26:19.0,250,185,sitting,none,none
26:19.2,256,174,sitting,none,none
26:19.4,251,185,sitting,none,none
26:19.7,256,193,sitting,none,none
26:19.9,255,196,sitting,none,none
26:20.1,255,196,sitting,none,none
26:20.3,245,204,sitting,none,none
26:20.5,245,203,sitting,none,none
26:20.7,241,213,sitting,none,none
26:20.9,233,283,sitting,none,none
26:21.1,239,247,sitting,none,none
26:21.3,228,303,sitting,none,none
26:21.5,240,269,sitting,none,none
26:21.7,234,268,sitting,eating,food
26:21.9,246,231,sitting,eating,food
26:22.1,239,183,sitting,none,none
26:22.3,254,238,sitting,none,none
26:22.6,249,250,sitting,none,none
26:22.8,239,177,sitting,none,none
26:23.0,244,226,sitting,none,none
26:23.2,242,217,sitting,none,none
26:23.4,245,231,sitting,eating,food
26:23.6,242,182,sitting,eating,food
26:23.8,245,244,sitting,none,none
26:24.0,240,224,sitting,none,none
26:24.2,237,175,sitting,eating,food
26:24.4,252,230,sitting,none,none
26:24.6,251,216,sitting,none,none
26:24.8,241,181,sitting,none,none
26:25.1,252,219,sitting,none,none
26:25.3,257,239,sitting,none,none
26:25.5,250,217,sitting,none,none
26:25.7,241,182,sitting,none,none
26:25.9,248,218,sitting,none,none
26:26.1,251,228,sitting,none,none
26:26.3,246,191,sitting,none,none
26:26.5,244,242,sitting,none,none
26:26.7,241,222,sitting,none,none
26:26.9,240,185,sitting,none,none
26:27.1,245,218,sitting,none,none
26:27.3,242,220,sitting,none,none
26:27.5,241,239,sitting,none,none
26:27.8,228,177,sitting,eating,food
26:28.0,238,206,sitting,none,none
26:28.2,236,198,sitting,none,none
26:28.4,244,184,sitting,none,none
26:28.6,237,177,sitting,eating,food
26:28.8,237,183,sitting,none,none
26:29.0,235,176,sitting,none,none
26:29.2,242,174,sitting,none,none
26:29.4,245,167,sitting,none,none
26:29.6,231,173,sitting,none,none
26:29.8,258,167,sitting,none,none
26:30.0,254,160,sitting,none,none
26:30.3,259,165,sitting,none,none
26:30.5,275,146,sitting,eating,food
26:30.7,267,172,sitting,none,none
26:30.9,259,156,sitting,none,none
26:31.1,254,163,sitting,none,none
26:31.3,272,133,sitting,none,none
26:31.5,282,117,sitting,none,none
26:31.7,284,132,sitting,eating,food
26:31.9,268,142,sitting,eating,food
26:32.1,261,152,sitting,eating,food
26:32.3,246,191,sitting,eating,food
26:32.5,236,183,sitting,eating,food
26:32.7,238,182,sitting,eating,food
26:33.0,242,192,sitting,eating,food
26:33.2,240,182,sitting,eating,food
26:33.4,236,184,sitting,eating,food
26:33.6,239,182,sitting,eating,food
26:33.8,243,191,sitting,eating,food
26:34.0,246,191,sitting,eating,food
26:34.2,236,178,sitting,eating,food
26:34.4,237,181,sitting,eating,food
26:34.6,259,142,sitting,eating,food
26:34.8,262,133,sitting,eating,food
26:35.0,267,139,sitting,eating,food
26:35.2,264,126,sitting,eating,food
26:35.5,264,124,sitting,eating,food
26:35.7,240,148,sitting,eating,food
26:35.9,245,150,sitting,eating,food
26:36.1,234,137,sitting,eating,food
26:36.3,222,130,sitting,eating,food
26:36.5,210,115,sitting,eating,food
26:36.7,172,79,walking,none,none
26:36.9,166,95,sitting,eating,food
26:37.1,166,112,sitting,eating,food
26:37.3,109,102,walking,none,none
26:37.5,61,106,walking,none,none
26:37.8,57,129,walking,none,none
26:38.0,103,164,sitting,none,none
26:38.2,125,171,sitting,none,none
26:38.4,114,176,sitting,eating,food
26:38.6,199,175,sitting,eating,food
26:38.8,191,189,sitting,eating,food
26:39.0,211,180,sitting,eating,food
26:39.2,244,180,sitting,eating,food
26:39.4,180,186,sitting,eating,food
26:39.6,207,187,sitting,eating,food
26:39.8,209,189,sitting,eating,food
26:40.0,219,183,sitting,eating,food
26:40.3,215,191,sitting,eating,food
26:40.5,222,193,sitting,eating,food
26:40.7,213,201,sitting,none,none
26:40.9,220,189,sitting,none,none
26:41.1,213,188,sitting,none,none
26:41.3,209,180,sitting,none,none
26:41.5,196,187,sitting,none,none
26:41.7,163,195,sitting,none,none
26:41.9,139,202,sitting,none,none
26:42.1,170,205,sitting,none,none
26:42.3,137,214,sitting,none,none
26:42.5,160,216,sitting,none,none
26:42.7,112,231,sitting,none,none
26:42.9,163,214,sitting,none,none
26:43.1,241,186,sitting,none,none
26:43.4,227,191,sitting,none,none
26:43.6,218,183,sitting,none,none
26:43.8,229,190,sitting,none,none
26:44.0,241,182,sitting,none,none
26:44.2,222,203,sitting,none,none
26:44.4,213,195,sitting,none,none
26:44.6,247,183,sitting,none,none
26:44.8,226,190,sitting,none,none
26:45.0,231,190,sitting,none,none
26:45.2,242,182,sitting,none,none
26:45.4,224,190,sitting,none,none
26:45.6,215,200,sitting,none,none
26:45.8,224,191,sitting,none,none
26:46.0,243,183,sitting,none,none
26:46.2,241,177,sitting,none,none
26:46.4,243,184,sitting,none,none
26:46.7,241,173,sitting,none,none
26:46.9,214,196,sitting,none,none
26:47.1,212,188,sitting,none,none
26:47.3,240,185,sitting,none,none
26:47.5,222,185,sitting,none,none
26:47.7,223,193,sitting,none,none
26:47.9,222,193,sitting,none,none
26:48.1,244,193,sitting,none,none
26:48.3,212,192,sitting,none,none
26:48.5,212,192,sitting,none,none
26:48.7,230,167,sitting,eating,food
26:48.9,208,178,sitting,none,none
26:49.1,222,191,sitting,none,none
26:49.3,242,184,sitting,none,none
26:49.5,222,203,sitting,none,none
26:49.7,228,204,sitting,none,none
26:50.0,215,203,sitting,none,none
26:50.2,247,184,sitting,none,none
26:50.4,224,192,sitting,none,none
26:50.6,230,192,sitting,none,none
26:50.8,241,176,sitting,none,none
26:51.0,243,186,sitting,none,none
26:51.2,239,177,sitting,none,none
26:51.4,243,185,sitting,none,none
26:51.6,240,176,sitting,none,none
26:51.8,241,185,sitting,none,none
26:52.0,240,178,sitting,eating,food
26:52.2,243,185,sitting,eating,food
26:52.4,237,170,sitting,eating,food
26:52.6,246,185,sitting,eating,food
26:52.8,240,183,sitting,eating,food
26:53.1,240,181,sitting,eating,food
26:53.3,240,185,sitting,eating,food
26:53.5,245,185,sitting,eating,food
26:53.7,237,183,sitting,eating,food
26:53.9,242,184,sitting,eating,food
26:54.1,240,184,sitting,eating,food
26:54.3,243,182,sitting,eating,food
26:54.5,241,185,sitting,eating,food
26:54.7,240,177,sitting,eating,food
26:54.9,243,183,sitting,eating,food
26:55.1,239,174,sitting,eating,food
26:55.3,237,182,sitting,eating,food
26:55.5,234,174,sitting,eating,food
26:55.7,242,183,sitting,eating,food
26:56.0,243,183,sitting,eating,food
26:56.2,238,180,sitting,eating,food
26:56.4,242,184,sitting,eating,food
26:56.6,242,184,sitting,eating,food
26:56.8,246,185,sitting,eating,food
26:57.0,242,184,sitting,eating,food
26:57.2,243,186,sitting,eating,food
26:57.4,239,180,sitting,eating,food
26:57.6,246,192,sitting,eating,food
26:57.8,247,193,sitting,eating,food
26:58.0,243,186,sitting,eating,food
26:58.2,242,183,sitting,eating,food
26:58.4,243,186,sitting,eating,food
26:58.6,240,181,sitting,none,none
26:58.8,243,182,sitting,none,none
26:59.0,240,172,sitting,none,none
26:59.3,246,182,sitting,none,none
26:59.5,242,184,sitting,none,none
26:59.7,249,193,sitting,none,none
26:59.9,246,192,sitting,none,none
27:00.1,249,193,sitting,none,none
27:00.3,240,184,sitting,none,none
27:00.5,242,182,sitting,eating,food
27:00.7,242,187,sitting,eating,food
27:00.9,246,187,sitting,eating,food
27:01.1,241,187,sitting,eating,food
27:01.3,239,179,sitting,eating,food
27:01.5,238,179,sitting,eating,food
27:01.7,238,178,sitting,eating,food
27:01.9,239,194,sitting,eating,food
27:02.1,236,182,sitting,eating,food
27:02.4,241,183,sitting,eating,food
27:02.6,237,179,sitting,eating,food
27:02.8,243,184,sitting,eating,food
27:03.0,235,178,sitting,eating,food
27:03.2,240,182,sitting,eating,food
27:03.4,240,184,sitting,none,none
27:03.6,247,185,sitting,none,none
27:03.8,243,197,sitting,none,none
27:04.0,240,184,sitting,none,none
27:04.2,241,183,sitting,none,none
27:04.4,243,179,sitting,none,none
27:04.6,244,184,sitting,none,none
27:04.8,240,184,sitting,eating,food
27:05.0,243,183,sitting,eating,food
27:05.2,240,182,sitting,eating,food
27:05.5,241,173,sitting,eating,food
27:05.7,244,180,sitting,none,none
27:05.9,250,178,sitting,none,none
27:06.1,246,192,sitting,none,none
27:06.3,242,183,sitting,none,none
27:06.5,241,184,sitting,eating,food
27:06.7,245,183,sitting,eating,food
27:06.9,245,183,sitting,"drinking,eating","bottle,food"
27:07.1,243,181,sitting,eating,food
27:07.3,242,178,sitting,none,none
27:07.5,246,190,sitting,"calling,eating","phone,food"
27:07.7,245,192,sitting,"calling,eating","phone,food"
27:07.9,245,192,sitting,"calling,eating","phone,food"
27:08.1,249,183,sitting,eating,food
27:08.3,244,184,sitting,eating,food
27:08.6,246,175,sitting,eating,food
27:08.8,243,183,sitting,eating,food
27:09.0,248,182,sitting,eating,food
27:09.2,240,177,sitting,eating,food
27:09.4,248,184,sitting,eating,food
27:09.6,240,184,sitting,eating,food
27:09.8,248,191,sitting,none,none
27:10.0,245,180,sitting,eating,food
27:10.2,248,184,sitting,eating,food
27:10.4,246,186,sitting,eating,food
27:10.6,250,187,sitting,eating,food
27:10.8,241,184,sitting,none,none
27:11.0,245,186,sitting,none,none
27:11.2,242,183,sitting,none,none
27:11.4,240,180,sitting,none,none
27:11.7,243,183,sitting,none,none
27:11.9,247,185,sitting,none,none
27:12.1,262,196,sitting,none,none
27:12.3,254,194,sitting,none,none
27:12.5,246,191,sitting,eating,food
27:12.7,246,186,sitting,none,none
27:12.9,245,185,sitting,none,none
27:13.1,244,186,sitting,eating,food
27:13.3,246,184,sitting,none,none
27:13.5,251,193,sitting,none,none
27:13.7,245,184,sitting,eating,food
27:13.9,246,185,sitting,eating,food
27:14.1,237,174,sitting,eating,food
27:14.3,247,186,sitting,eating,food
27:14.6,240,179,sitting,eating,food
27:14.8,247,185,sitting,eating,food
27:15.0,241,184,sitting,eating,food
27:15.2,246,185,sitting,none,none
27:15.4,242,191,sitting,eating,food
27:15.6,246,192,sitting,none,none
27:15.8,233,173,sitting,eating,food
27:16.0,242,173,sitting,none,none
27:16.2,244,184,sitting,eating,food
27:16.4,245,180,sitting,eating,food
27:16.6,243,185,sitting,eating,food
27:16.8,239,183,sitting,eating,food
27:17.0,243,185,sitting,eating,food
27:17.2,245,183,sitting,eating,food
27:17.4,245,183,sitting,eating,food
27:17.6,247,180,sitting,none,none
27:17.8,241,180,sitting,eating,food
27:18.1,233,175,sitting,eating,food
27:18.3,229,154,sitting,eating,food
27:18.5,240,176,sitting,eating,food
27:18.7,252,179,sitting,eating,food
27:18.9,246,194,sitting,eating,food
27:19.1,243,184,sitting,eating,food
27:19.3,241,184,sitting,eating,food
27:19.5,231,176,sitting,eating,food
27:19.7,237,173,sitting,none,none
27:19.9,250,184,sitting,none,none
27:20.1,243,178,sitting,none,none
27:20.3,246,185,sitting,none,none
27:20.5,243,178,sitting,none,none
27:20.7,245,184,sitting,none,none
27:20.9,243,173,sitting,eating,food
27:21.1,243,178,sitting,none,none
27:21.3,242,177,sitting,none,none
27:21.6,246,191,sitting,eating,food
27:21.8,248,189,sitting,eating,food
27:22.0,242,179,sitting,eating,food
27:22.2,253,182,sitting,eating,food
27:22.4,248,189,sitting,eating,food
27:22.6,250,190,sitting,eating,food
27:22.8,241,181,sitting,eating,food
27:23.0,246,176,sitting,none,none
27:23.2,236,179,sitting,eating,food
27:23.4,245,177,sitting,none,none
27:23.6,241,184,sitting,eating,food
27:23.8,245,180,sitting,eating,food
27:24.0,242,186,sitting,eating,food
27:24.2,246,179,sitting,eating,food
27:24.5,245,182,sitting,eating,food
27:24.7,248,183,sitting,eating,food
27:24.9,239,177,sitting,eating,food
27:25.1,239,174,sitting,eating,food
27:25.3,241,181,sitting,"drinking,eating","bottle,food"
27:25.5,234,179,sitting,"drinking,eating","bottle,food"
27:25.7,236,175,sitting,"drinking,eating","bottle,food"
27:25.9,239,183,sitting,"drinking,eating","bottle,food"
27:26.1,245,184,sitting,drinking,bottle
27:26.3,246,183,sitting,eating,food
27:26.5,245,175,sitting,drinking,bottle
27:26.7,248,184,sitting,drinking,bottle
27:26.9,246,172,sitting,drinking,bottle
27:27.1,251,183,sitting,drinking,bottle
27:27.3,244,174,sitting,drinking,bottle
27:27.6,247,186,sitting,drinking,bottle
27:27.8,249,196,sitting,none,none
27:28.0,257,196,sitting,none,none
27:28.2,251,181,sitting,none,none
27:28.4,256,178,sitting,none,none
27:28.6,242,181,sitting,none,none
27:28.8,238,173,sitting,none,none
27:29.0,242,184,sitting,eating,food
27:29.2,242,180,sitting,none,none
27:29.4,256,194,sitting,none,none
27:29.6,253,181,sitting,none,none
27:29.8,248,183,sitting,none,none
27:30.0,245,176,sitting,none,none
27:30.2,249,185,sitting,none,none
27:30.4,245,187,sitting,eating,food
27:30.6,244,179,sitting,none,none
27:30.9,244,188,sitting,eating,food
27:31.1,246,175,sitting,none,none
27:31.3,243,185,sitting,eating,food
27:31.5,247,178,sitting,none,none
27:31.7,248,184,sitting,none,none
27:31.9,247,184,sitting,none,none
27:32.1,243,180,sitting,none,none
27:32.3,248,192,sitting,none,none
27:32.5,258,191,sitting,none,none
27:32.7,266,174,sitting,none,none
27:32.9,264,160,sitting,none,none
27:33.1,275,169,sitting,none,none
27:33.3,275,158,sitting,none,none
27:33.5,264,165,sitting,none,none
27:33.7,256,163,sitting,none,none
27:34.0,247,186,sitting,none,none
27:34.2,255,201,sitting,none,none
27:34.4,256,209,sitting,none,none
27:34.6,265,211,walking,none,none
27:34.8,270,200,walking,none,none
27:35.0,281,191,walking,none,none
27:35.2,293,187,walking,none,none
27:35.4,299,189,walking,none,none
27:35.6,308,182,walking,none,none
27:35.8,329,177,walking,none,none
27:36.0,325,177,walking,none,none
27:36.2,323,177,walking,none,none
27:36.4,305,200,walking,none,none
27:36.6,284,177,walking,none,none
27:36.8,299,180,walking,none,none
27:37.0,291,171,walking,none,none
27:37.2,288,181,walking,none,none
27:37.5,289,169,walking,none,none
27:37.7,298,179,walking,none,none
27:37.9,307,193,walking,none,none
27:38.1,329,204,walking,none,none
27:38.3,360,211,walking,none,none
27:38.5,361,203,walking,none,none
27:38.7,392,218,walking,none,none
27:38.9,394,211,walking,none,none
27:39.1,443,227,walking,none,none
27:39.3,443,226,walking,none,none
27:39.5,466,222,walking,none,none
27:39.7,493,246,walking,reading,book
27:39.9,491,215,walking,reading,book
27:40.1,511,208,standing,none,none
27:40.3,506,214,standing,none,none
27:40.5,534,241,standing,none,none
27:40.8,516,213,standing,none,none
27:41.0,520,188,standing,none,none
27:41.2,521,205,standing,reading,book
27:41.4,500,173,standing,none,none
27:41.6,501,186,standing,reading,book
27:41.8,475,166,standing,none,none
27:42.0,465,170,sitting,reading,book
27:42.2,461,179,sitting,reading,book
27:42.4,468,177,sitting,reading,book
27:42.6,479,205,sitting,reading,book
27:42.8,478,188,sitting,reading,book
27:43.0,456,210,sitting,reading,book
27:43.2,451,197,sitting,reading,book
27:43.4,450,203,sitting,reading,book
27:43.6,456,189,sitting,none,none
27:43.9,466,184,sitting,none,none
27:44.1,469,176,sitting,none,none
27:44.3,466,160,sitting,reading,book
27:44.5,466,173,sitting,none,none
27:44.7,458,152,sitting,reading,book
27:44.9,455,161,sitting,reading,book
27:45.1,449,162,sitting,none,none
27:45.3,461,183,sitting,none,none
27:45.5,447,162,sitting,none,none
27:45.7,458,160,sitting,none,none
27:45.9,449,152,sitting,none,none
27:46.1,460,161,sitting,reading,book
27:46.3,446,179,sitting,none,none
27:46.5,449,185,sitting,reading,book
27:46.7,457,161,sitting,reading,book
27:47.0,457,161,sitting,reading,book
27:47.2,453,163,sitting,reading,book
27:47.4,452,148,sitting,reading,book
27:47.6,456,162,sitting,none,none
27:47.8,457,147,sitting,reading,book
27:48.0,459,161,sitting,none,none
27:48.2,446,180,sitting,none,none
27:48.4,459,186,sitting,none,none
27:48.6,445,166,sitting,none,none
27:48.8,453,149,sitting,reading,book
27:49.0,455,163,sitting,reading,book
27:49.2,476,135,sitting,reading,book
27:49.4,459,162,sitting,reading,book
27:49.6,457,148,sitting,reading,book
27:49.8,457,162,sitting,reading,book
27:50.0,431,151,sitting,none,none
27:50.2,435,139,sitting,none,none
27:50.5,431,151,sitting,none,none
27:50.7,454,147,sitting,reading,book
27:50.9,444,165,sitting,none,none
27:51.1,441,126,sitting,reading,book
27:51.3,453,164,sitting,reading,book
27:51.5,452,150,sitting,reading,book
27:51.7,451,164,sitting,reading,book
27:51.9,451,164,sitting,none,none
27:52.1,454,165,sitting,none,none
27:52.3,445,166,sitting,none,none
27:52.5,452,149,sitting,reading,book
27:52.7,432,152,sitting,none,none
27:52.9,455,147,sitting,reading,book
27:53.1,452,161,sitting,reading,book
27:53.4,450,148,sitting,reading,book
27:53.6,448,163,sitting,reading,book
27:53.8,442,166,sitting,none,none
27:54.0,455,164,sitting,reading,book
27:54.2,446,164,sitting,none,none
27:54.4,439,124,sitting,reading,book
27:54.6,430,151,sitting,none,none
27:54.8,443,125,sitting,reading,book
27:55.0,454,163,sitting,reading,book
27:55.2,454,149,sitting,reading,book
27:55.4,431,139,sitting,none,none
27:55.6,445,165,sitting,none,none
27:55.8,456,164,sitting,reading,book
27:56.0,447,165,sitting,none,none
27:56.2,453,148,sitting,reading,book
27:56.5,440,165,sitting,none,none
27:56.7,450,148,sitting,reading,book
27:56.9,451,162,sitting,reading,book
27:57.1,452,148,sitting,reading,book
27:57.3,450,164,sitting,none,none
27:57.5,438,127,sitting,none,none
27:57.7,476,158,sitting,reading,book
27:57.9,454,163,sitting,reading,book
27:58.1,435,140,sitting,none,none
27:58.3,437,139,sitting,none,none
27:58.5,461,81,sitting,reading,book
27:58.7,453,165,sitting,none,none
27:58.9,453,150,sitting,none,none
27:59.1,454,90,sitting,none,none
27:59.3,461,154,sitting,none,none
27:59.6,463,170,sitting,drinking,bottle
27:59.8,457,179,sitting,none,none
28:00.0,472,178,sitting,none,none
28:00.2,461,108,sitting,reading,book
28:00.4,471,175,sitting,reading,book
28:00.6,473,192,sitting,reading,book
28:00.8,477,182,sitting,none,none
28:01.0,514,196,sitting,none,none
28:01.2,507,204,sitting,none,none
28:01.4,500,209,sitting,reading,book
28:01.6,508,204,sitting,reading,book
28:01.8,502,178,sitting,none,none
28:02.0,514,198,sitting,none,none
28:02.2,472,193,sitting,none,none
28:02.4,462,211,sitting,none,none
28:02.6,441,202,sitting,none,none
28:02.8,411,191,sitting,none,none
28:03.0,451,189,sitting,none,none
28:03.3,443,214,sitting,none,none
28:03.5,438,215,sitting,reading,book
28:03.7,415,213,sitting,none,none
28:03.9,396,215,sitting,none,none
28:04.1,406,206,sitting,none,none
28:04.3,406,207,sitting,none,none
28:04.5,431,183,standing,none,none
28:04.7,428,207,standing,none,none
28:04.9,441,210,standing,reading,book
28:05.1,437,209,standing,none,none
28:05.3,436,222,standing,none,none
28:05.5,428,215,standing,none,none
28:05.7,430,218,walking,none,none
28:05.9,421,210,standing,none,none
28:06.1,424,213,standing,none,none
28:06.4,427,209,walking,none,none
28:06.6,400,193,walking,none,none
28:06.8,413,205,walking,none,none
28:07.0,400,197,walking,none,none
28:07.2,393,203,walking,none,none
28:07.4,369,192,walking,none,none
28:07.6,347,188,walking,none,none
28:07.8,349,158,walking,none,none
28:08.0,332,170,walking,none,none
28:08.2,330,151,walking,none,none
28:08.4,319,133,walking,none,none
28:08.6,322,121,walking,none,none
28:08.8,320,91,walking,none,none
28:09.0,321,89,walking,none,none
28:09.2,314,69,walking,none,none
28:09.4,317,70,walking,none,none
28:09.7,335,68,walking,none,none
28:09.9,344,66,walking,none,none
28:10.1,360,68,walking,reading,book
28:10.3,358,56,walking,none,none
28:10.5,364,65,walking,reading,book
28:10.7,363,58,walking,none,none
28:10.9,368,72,walking,reading,book
28:11.1,374,78,sitting,reading,book
28:11.3,368,75,sitting,none,none
28:11.5,372,84,sitting,none,none
28:11.7,392,79,sitting,reading,book
28:11.9,421,81,sitting,reading,book
28:12.1,424,71,sitting,none,none
28:12.3,398,80,sitting,none,none
28:12.5,398,80,sitting,none,none
28:12.8,420,80,sitting,reading,book
28:13.0,419,82,sitting,reading,book
28:13.2,477,84,sitting,reading,book
28:13.4,390,82,sitting,none,none
28:13.6,422,82,sitting,none,none
28:13.8,484,83,sitting,reading,book
28:14.0,422,83,sitting,none,none
28:14.2,422,83,sitting,none,none
28:14.4,422,83,sitting,none,none
28:14.6,421,84,sitting,none,none
28:14.8,421,84,sitting,none,none
28:15.0,422,85,sitting,none,none
28:15.2,422,85,sitting,none,none
28:15.4,390,84,sitting,none,none
28:15.6,421,86,sitting,none,none
28:15.8,421,86,sitting,none,none
28:16.1,421,85,sitting,none,none
28:16.3,421,85,sitting,none,none
28:16.5,421,85,sitting,none,none
28:16.7,422,85,sitting,none,none
28:16.9,422,85,sitting,none,none
28:17.1,422,84,sitting,none,none
28:17.3,422,84,sitting,none,none
28:17.5,488,85,sitting,reading,book
28:17.7,420,84,sitting,none,none
28:17.9,420,84,sitting,none,none
28:18.1,388,84,sitting,none,none
28:18.3,420,85,sitting,none,none
28:18.5,420,85,sitting,none,none
28:18.7,420,85,sitting,none,none
28:18.9,420,85,sitting,none,none
28:19.2,420,84,sitting,none,none
28:19.4,420,84,sitting,none,none
28:19.6,420,84,sitting,none,none
28:19.8,422,84,sitting,none,none
28:20.0,422,84,sitting,none,none
28:20.2,420,85,sitting,none,none
28:20.4,420,85,sitting,none,none
28:20.6,420,85,sitting,none,none
28:20.8,419,84,sitting,none,none
28:21.0,419,84,sitting,none,none
28:21.2,420,84,sitting,none,none
28:21.4,420,84,sitting,none,none
28:21.6,482,86,sitting,reading,book
28:21.8,419,84,sitting,none,none
28:22.0,419,84,sitting,none,none
28:22.3,390,83,sitting,none,none
28:22.5,421,84,sitting,none,none
28:22.7,420,84,sitting,none,none
28:22.9,421,84,sitting,none,none
28:23.1,421,84,sitting,none,none
28:23.3,421,84,sitting,none,none
28:23.5,420,84,sitting,none,none
28:23.7,482,86,sitting,reading,book
28:23.9,421,84,sitting,none,none
28:24.1,421,84,sitting,none,none
28:24.3,482,86,sitting,reading,book
28:24.5,421,83,sitting,none,none
28:24.7,421,83,sitting,none,none
28:24.9,423,83,sitting,none,none
28:25.2,423,83,sitting,none,none
28:25.4,422,83,sitting,none,none
28:25.6,421,84,sitting,none,none
28:25.8,421,84,sitting,none,none
28:26.0,390,83,sitting,none,none
28:26.2,390,83,sitting,none,none
28:26.4,390,83,sitting,none,none
28:26.6,422,84,sitting,none,none
28:26.8,422,84,sitting,none,none
28:27.0,391,83,sitting,none,none
28:27.2,422,84,sitting,reading,book
28:27.4,422,84,sitting,reading,book
28:27.6,424,83,sitting,none,none
28:27.8,424,83,sitting,none,none
28:28.1,423,84,sitting,none,none
28:28.3,422,84,sitting,none,none
28:28.5,485,84,sitting,reading,book
28:28.7,414,86,sitting,none,none
28:28.9,414,86,sitting,none,none
28:29.1,460,93,sitting,reading,book
28:29.3,418,86,sitting,none,none
28:29.5,418,86,sitting,none,none
28:29.7,417,86,sitting,none,none
28:29.9,417,86,sitting,none,none
28:30.1,417,86,sitting,none,none
28:30.3,424,83,sitting,none,none
28:30.5,424,83,sitting,none,none
28:30.7,423,83,sitting,none,none
28:30.9,423,83,sitting,none,none
28:31.1,423,83,sitting,reading,book
28:31.4,418,84,sitting,reading,book
28:31.6,418,84,sitting,reading,book
28:31.8,421,83,sitting,none,none
28:32.0,421,83,sitting,none,none
28:32.2,483,85,sitting,reading,book
28:32.4,422,82,sitting,none,none
28:32.6,422,82,sitting,none,none
28:32.8,420,83,sitting,none,none
28:33.0,420,83,sitting,none,none
28:33.2,420,83,sitting,none,none
28:33.4,420,79,sitting,reading,book
28:33.6,420,79,sitting,reading,book
28:33.8,424,69,sitting,reading,book
28:34.0,424,69,sitting,reading,book
28:34.3,424,69,sitting,reading,book
28:34.5,500,56,sitting,none,none
28:34.7,500,56,sitting,none,none
28:34.9,481,53,sitting,none,none
28:35.1,415,57,sitting,none,none
28:35.3,415,57,sitting,none,none
28:35.5,422,73,sitting,none,none
28:35.7,422,73,sitting,none,none
28:35.9,432,70,sitting,none,none
28:36.1,445,61,walking,reading,book
28:36.3,445,61,walking,reading,book
28:36.5,498,60,standing,none,none
28:36.7,449,50,walking,none,none
28:36.9,459,45,walking,none,none
28:37.2,464,42,walking,none,none
28:37.4,464,42,walking,none,none
28:37.6,567,54,walking,none,none
28:37.8,475,58,walking,none,none
28:38.0,482,61,walking,none,none
28:38.2,513,59,walking,none,none
28:38.4,515,65,walking,none,none
28:39.4,570,169,walking,none,none
28:39.6,570,169,walking,none,none
28:39.8,545,179,walking,none,none
28:40.0,558,214,walking,none,none
28:40.2,536,221,walking,none,none
28:40.4,553,258,walking,none,none
28:40.6,533,260,walking,none,none
28:41.1,532,295,walking,none,none
28:41.3,553,315,walking,none,none
28:42.1,565,417,standing,none,none
28:46.8,560,468,sitting,none,none
28:47.2,444,448,sitting,none,none
28:47.4,444,448,sitting,none,none
28:47.7,273,417,sitting,none,none
28:47.9,565,467,sitting,none,none
28:48.1,565,467,sitting,none,none
28:48.3,547,485,sitting,working,computer
28:48.7,548,485,sitting,working,computer
28:48.9,550,486,sitting,none,none
28:49.9,548,486,sitting,none,none
28:50.1,548,486,sitting,none,none
28:50.3,550,486,sitting,working,computer
28:50.7,551,486,sitting,working,computer
28:50.9,567,469,sitting,none,none
28:51.4,564,472,sitting,none,none
28:51.6,564,472,sitting,none,none
28:51.8,564,472,sitting,none,none
28:52.0,317,407,sitting,none,none
28:52.2,317,407,sitting,none,none
28:52.4,317,407,sitting,none,none
28:54.0,566,472,sitting,none,none
28:54.2,566,472,sitting,none,none
28:54.6,566,472,sitting,none,none
28:54.8,566,472,sitting,none,none
28:55.1,566,472,sitting,none,none
28:55.3,566,472,sitting,none,none
28:55.5,566,472,sitting,none,none
28:55.7,566,472,sitting,none,none
28:56.1,565,473,sitting,none,none
28:56.3,565,473,sitting,none,none
28:57.1,300,407,sitting,working,computer
28:57.3,459,445,sitting,working,computer
28:57.5,419,434,sitting,working,computer
28:57.7,471,461,sitting,working,computer
28:58.1,455,447,sitting,none,none
28:58.4,455,447,sitting,none,none
28:58.6,367,457,sitting,working,computer
28:59.0,564,472,sitting,none,none
28:59.4,563,471,sitting,none,none
28:59.6,563,471,sitting,none,none
28:59.8,563,471,sitting,none,none
29:02.0,563,472,sitting,none,none
29:02.2,563,472,sitting,none,none
29:02.5,563,472,sitting,none,none
29:02.9,563,472,sitting,none,none
29:03.1,563,472,sitting,none,none
29:03.5,562,472,sitting,none,none
29:03.7,562,472,sitting,none,none
29:03.9,562,472,sitting,none,none
29:04.3,562,471,sitting,none,none
29:04.5,562,471,sitting,none,none
29:04.9,564,472,sitting,none,none
29:05.1,564,472,sitting,none,none
29:05.5,562,471,sitting,none,none
29:05.7,562,471,sitting,none,none
29:06.0,562,471,sitting,none,none
29:06.2,455,447,sitting,none,none
29:06.4,455,447,sitting,none,none
29:06.6,455,447,sitting,none,none
29:06.8,567,473,sitting,none,none
29:07.0,567,473,sitting,none,none
29:07.2,567,473,sitting,none,none
29:07.6,566,475,sitting,none,none
29:07.8,566,475,sitting,none,none
29:09.9,488,484,walking,none,none
29:10.3,519,471,standing,none,none
29:12.4,274,467,walking,none,none
29:12.6,253,457,walking,none,none
29:12.8,243,465,walking,none,none
29:13.0,199,465,walking,none,none
29:13.2,189,436,walking,none,none
29:13.4,173,428,walking,none,none
29:13.6,154,410,walking,none,none
29:13.8,150,409,walking,none,none
29:14.0,131,382,walking,none,none
29:14.2,127,359,walking,none,none
29:14.4,106,302,walking,none,none
29:14.6,93,308,walking,none,none
29:14.8,78,304,walking,none,none
29:15.0,75,301,walking,none,none
29:15.2,61,267,walking,none,none
29:15.4,60,255,walking,none,none
29:15.7,58,264,walking,none,none
29:15.9,56,258,walking,none,none
29:16.1,51,258,walking,none,none
29:16.3,51,267,standing,none,none
29:16.5,49,258,walking,none,none
29:16.7,48,259,standing,none,none
29:16.9,44,262,walking,none,none
29:17.1,39,264,walking,none,none
29:17.3,37,263,walking,none,none
29:17.5,39,263,walking,none,none
29:17.7,43,276,walking,none,none
29:17.9,45,283,walking,none,none
29:18.1,46,280,walking,none,none
29:18.3,47,307,walking,none,none
29:18.5,38,313,walking,none,none
29:18.8,33,341,walking,none,none
29:19.0,33,346,walking,none,none
29:19.2,28,378,walking,none,none
29:19.4,38,376,sitting,none,none
29:19.6,38,376,sitting,none,none
29:19.8,61,358,sitting,none,none
29:20.0,63,348,sitting,none,none
29:20.2,63,349,sitting,none,none
29:20.4,73,348,sitting,none,none
29:20.6,82,354,sitting,none,none
29:20.8,79,337,sitting,none,none
29:21.0,76,338,standing,none,none
29:21.2,73,350,sitting,none,none
29:21.4,64,345,sitting,none,none
29:21.6,41,395,sitting,none,none
29:21.8,41,395,sitting,none,none
29:22.1,54,389,sitting,none,none
29:22.3,33,374,sitting,none,none
29:22.5,26,334,sitting,none,none
29:22.7,54,349,sitting,none,none
29:22.9,62,338,sitting,none,none
29:23.1,66,335,sitting,none,none
29:23.3,66,333,sitting,none,none
29:23.5,70,326,sitting,none,none
29:23.7,74,326,sitting,none,none
29:23.9,75,326,sitting,none,none
29:24.1,76,332,sitting,none,none
29:24.3,68,321,sitting,none,none
29:24.5,64,319,sitting,none,none
29:24.7,62,322,standing,none,none
29:24.9,63,317,standing,none,none
29:25.1,57,334,sitting,none,none
29:25.4,52,352,sitting,none,none
29:25.6,27,311,sitting,none,none
29:25.8,22,296,sitting,none,none
29:26.0,19,293,walking,none,none
29:26.2,11,293,walking,none,none
29:26.4,0,281,walking,none,none
29:27.6,9,298,walking,none,none
29:27.8,28,303,walking,none,none
29:28.0,32,306,walking,none,none
29:28.2,50,321,walking,none,none
29:28.4,52,326,walking,none,none
29:28.7,62,324,walking,none,none
29:28.9,62,341,walking,none,none
29:29.1,59,351,walking,none,none
29:29.3,46,366,walking,none,none
29:29.5,49,351,walking,none,none
29:29.7,54,368,walking,none,none
29:29.9,65,380,walking,none,none
29:30.1,78,396,walking,none,none
29:30.3,87,403,walking,none,none
29:30.5,86,428,walking,none,none
29:30.7,84,411,walking,none,none
29:30.9,83,402,walking,none,none
29:31.1,71,378,walking,none,none
29:31.3,64,375,walking,none,none
29:31.5,59,376,walking,none,none
29:31.7,64,359,walking,none,none
29:32.0,68,344,walking,none,none
29:32.2,62,337,sitting,none,none
29:32.4,60,325,sitting,none,none
29:32.6,60,333,sitting,none,none
29:32.8,60,332,sitting,none,none
29:33.0,58,347,sitting,none,none
29:33.2,52,383,laying,none,none
29:33.4,46,406,laying,none,none
29:33.6,39,432,laying,none,none
29:33.8,51,441,laying,none,none
29:34.0,64,450,laying,none,none
29:34.2,72,439,laying,none,none
29:34.4,81,429,laying,none,none
29:34.8,91,403,laying,none,none
29:35.1,91,403,laying,none,none
29:35.3,91,403,laying,none,none
29:35.5,89,402,laying,none,none
29:35.7,80,436,laying,none,none
29:35.9,77,439,laying,none,none
29:36.1,77,448,laying,none,none
29:36.3,72,467,laying,none,none
29:36.5,74,453,laying,none,none
29:36.7,78,435,laying,none,none
29:36.9,83,419,laying,none,none
29:37.1,83,416,laying,none,none
29:37.3,83,413,laying,none,none
29:38.1,73,464,laying,none,none
29:38.3,73,464,laying,none,none
29:38.5,75,458,laying,none,none
29:38.8,78,452,laying,none,none
29:39.0,89,407,laying,none,none
29:39.2,98,385,laying,none,none
29:39.4,94,399,laying,none,none
29:39.6,95,428,laying,none,none
29:39.8,88,457,sitting,none,none
29:40.0,87,461,laying,none,none
29:40.2,79,384,sitting,none,none
29:40.4,77,419,sitting,none,none
29:40.6,76,445,sitting,none,none
29:40.8,86,382,laying,none,none
29:41.0,91,390,laying,none,none
29:41.2,94,420,sitting,none,none
29:41.4,85,388,sitting,none,none
29:41.6,78,375,sitting,none,none
29:41.8,74,373,sitting,none,none
29:42.1,43,322,standing,none,none
29:42.3,46,328,sitting,none,none
29:42.5,46,338,sitting,none,none
29:42.7,54,331,sitting,none,none
29:42.9,52,327,sitting,none,none
29:43.1,50,320,sitting,none,none
29:43.3,54,342,sitting,none,none
29:43.5,47,331,sitting,none,none
29:43.7,48,340,sitting,none,none
29:43.9,54,335,sitting,none,none
29:44.1,48,329,sitting,none,none
29:44.3,51,328,sitting,none,none
29:44.5,47,332,sitting,none,none
29:44.7,53,342,sitting,none,none
29:44.9,49,328,sitting,none,none
29:45.2,46,329,sitting,none,none
29:45.4,52,341,sitting,none,none
29:45.6,45,334,sitting,none,none
29:45.8,47,328,sitting,none,none
29:46.0,53,363,sitting,none,none
29:46.2,58,378,sitting,none,none
29:46.4,56,378,sitting,none,none
29:46.6,50,380,sitting,none,none
29:46.8,53,406,sitting,none,none
29:47.0,65,386,sitting,none,none
29:47.2,68,378,laying,none,none
29:47.4,68,378,laying,none,none
29:47.6,42,426,laying,none,none
29:47.8,30,404,laying,none,none
29:48.0,21,419,laying,none,none
29:48.2,27,455,laying,none,none
29:48.5,3,411,laying,none,none
29:48.7,3,411,laying,none,none
29:48.9,0,418,laying,none,none
29:49.1,24,455,laying,none,none
29:49.3,2,410,laying,none,none
29:49.5,2,410,laying,none,none
29:49.7,24,453,laying,none,none
29:49.9,4,419,laying,none,none
29:50.1,6,416,laying,none,none
29:50.3,6,416,laying,none,none
29:50.5,11,416,laying,none,none
29:50.7,11,416,laying,none,none
29:50.9,11,415,laying,none,none
29:51.1,27,446,laying,none,none
29:51.5,4,429,laying,none,none
29:51.8,24,454,laying,none,none
29:52.0,3,420,laying,none,none
29:52.4,3,415,laying,none,none
29:52.6,25,446,laying,none,none
29:52.8,14,431,laying,none,none
29:53.0,7,421,laying,none,none
29:53.2,23,453,laying,none,none
29:53.8,23,453,laying,none,none
29:54.0,0,420,laying,none,none
29:54.2,0,420,laying,none,none
29:54.4,1,417,laying,none,none
29:54.6,25,450,laying,none,none
29:54.9,10,411,laying,none,none
29:55.1,17,420,laying,none,none
29:55.3,29,435,laying,none,none
29:55.5,14,424,laying,none,none
29:55.7,6,417,laying,none,none
29:55.9,26,444,laying,none,none
29:56.1,13,413,laying,none,none
29:56.3,13,414,laying,none,none
29:56.5,13,414,laying,none,none
29:56.7,28,438,laying,none,none
29:56.9,11,427,laying,none,none
29:57.1,1,419,laying,none,none
29:57.3,25,450,laying,none,none
29:57.5,2,415,laying,none,none
29:57.7,1,416,laying,none,none
29:58.0,1,416,laying,none,none
29:58.2,24,452,laying,none,none
29:58.4,2,418,laying,none,none
29:58.6,1,420,laying,none,none
29:58.8,24,453,laying,none,none
29:59.0,2,418,laying,none,none
29:59.2,10,432,laying,none,none
29:59.4,23,455,laying,none,none
29:59.6,9,434,laying,none,none
29:59.8,0,422,laying,none,none
30:00.0,7,441,laying,none,none
30:00.2,20,473,laying,none,none
30:00.4,5,420,laying,none,none
30:00.6,5,420,laying,none,none
30:00.8,33,453,laying,none,none
30:01.0,34,420,laying,none,none
30:01.2,35,402,sitting,none,none
30:01.5,41,426,sitting,none,none
30:01.7,37,453,sitting,none,none
30:02.9,22,430,laying,none,none
30:03.1,25,403,laying,none,none
30:03.3,28,390,laying,none,none
30:03.9,3,388,walking,none,none
30:04.1,3,388,walking,none,none
30:04.4,21,445,walking,none,none
30:04.6,31,422,walking,none,none
30:04.8,34,422,walking,none,none
30:05.0,19,439,walking,none,none
30:05.2,0,484,walking,none,none
30:06.0,4,468,standing,none,none
30:07.2,8,449,sitting,none,none
30:07.4,5,470,sitting,none,none
30:08.5,8,423,standing,none,none
30:08.7,2,399,standing,none,none
30:09.1,34,381,standing,none,none
30:09.3,37,371,standing,none,none
30:09.5,43,326,walking,none,none
30:09.7,47,319,standing,none,none
30:09.9,48,301,walking,none,none
30:10.1,47,298,walking,none,none
30:10.3,51,285,sitting,none,none
30:10.5,54,287,sitting,none,none
30:10.7,72,282,sitting,none,none
30:10.9,75,285,sitting,none,none
30:11.1,53,279,sitting,none,none
30:11.4,52,279,sitting,none,none
30:11.6,48,284,sitting,none,none
30:11.8,47,283,sitting,none,none
30:12.0,44,274,sitting,none,none
30:12.2,44,271,sitting,none,none
30:12.4,41,262,sitting,none,none
30:12.6,50,268,sitting,none,none
30:12.8,48,258,sitting,none,none
30:13.0,51,255,sitting,none,none
30:13.2,53,269,sitting,none,none
30:13.4,72,269,sitting,none,none
30:13.6,74,270,sitting,none,none
30:13.8,58,269,sitting,none,none
30:14.0,57,269,sitting,none,none
30:14.2,52,266,sitting,none,none
30:14.4,50,271,sitting,none,none
30:14.7,47,266,sitting,none,none
30:14.9,80,277,sitting,none,none
30:15.1,80,276,sitting,none,none
30:15.3,48,262,sitting,none,none
30:15.5,59,256,sitting,none,none
30:15.7,56,256,sitting,none,none
30:15.9,57,262,sitting,none,none
30:16.1,51,257,sitting,none,none
30:16.3,53,255,sitting,none,none
30:16.5,55,247,sitting,none,none
30:16.7,53,260,sitting,none,none
30:16.9,56,252,walking,none,none
30:17.1,52,253,walking,none,none
30:17.3,46,242,walking,none,none
30:17.5,41,244,walking,none,none
30:17.8,37,239,walking,none,none
30:18.0,25,233,walking,none,none
30:18.2,24,225,walking,none,none
30:18.4,30,200,walking,none,none
30:18.6,34,191,walking,none,none
30:18.8,37,183,walking,none,none
30:19.0,40,165,walking,none,none
30:19.2,43,149,walking,none,none
30:19.4,46,135,walking,none,none
30:19.6,44,121,walking,none,none
30:19.8,70,94,standing,none,none
30:20.0,68,93,standing,none,none
30:20.2,86,70,standing,none,none
30:20.4,96,62,standing,none,none
30:20.6,104,55,standing,none,none
30:20.8,115,45,standing,none,none
30:21.1,123,50,standing,none,none
30:21.3,142,37,standing,none,none
30:21.5,142,44,walking,none,none
30:21.7,137,51,walking,none,none
30:21.9,125,65,walking,none,none
30:22.1,132,60,walking,none,none
30:22.3,135,57,walking,none,none
30:22.5,127,59,walking,none,none
30:22.7,106,77,walking,none,none
30:22.9,114,76,walking,none,none
30:23.1,98,97,walking,none,none
30:23.3,105,100,walking,none,none
30:23.5,92,118,walking,none,none
30:23.7,98,120,walking,none,none
30:23.9,91,143,walking,none,none
30:24.1,93,142,walking,none,none
30:24.4,89,154,walking,none,none
30:24.6,94,156,walking,none,none
30:24.8,95,164,walking,none,none
30:25.0,102,167,walking,none,none
30:25.2,115,173,walking,none,none
30:25.4,113,173,walking,none,none
30:25.6,113,176,sitting,none,none
30:25.8,113,170,sitting,none,none
30:26.0,117,166,sitting,none,none
30:26.2,116,154,sitting,none,none
30:26.4,119,150,sitting,none,none
30:26.6,121,128,sitting,none,none
30:26.8,114,110,sitting,none,none
30:27.0,111,106,sitting,none,none
30:27.2,113,114,sitting,none,none
30:27.4,117,105,sitting,none,none
30:27.7,119,115,sitting,none,none
30:27.9,123,107,sitting,none,none
30:28.1,123,108,sitting,none,none
30:28.3,118,115,sitting,eating,food
30:28.5,121,117,sitting,eating,food
30:28.7,118,119,sitting,eating,food
30:28.9,114,135,sitting,eating,food
30:29.1,119,117,sitting,none,none
30:29.3,118,120,sitting,none,none
30:29.5,124,113,sitting,none,none
30:29.7,117,110,sitting,eating,food
30:29.9,123,116,sitting,none,none
30:30.1,118,110,sitting,eating,food
30:30.3,125,116,sitting,none,none
30:30.5,121,111,sitting,eating,food
30:30.8,128,114,sitting,eating,food
30:31.0,127,127,sitting,eating,food
30:31.2,134,120,sitting,eating,food
30:31.4,122,115,sitting,eating,food
30:31.6,128,114,sitting,eating,food
30:31.8,120,119,sitting,eating,food
30:32.0,124,111,sitting,eating,food
30:32.2,120,120,sitting,eating,food
30:32.4,123,111,sitting,eating,food
30:32.6,122,117,sitting,eating,food
30:32.8,124,111,sitting,eating,food
30:33.0,122,118,sitting,eating,food
30:33.2,126,118,sitting,eating,food
30:33.4,124,117,sitting,eating,food
30:33.6,129,119,sitting,none,none
30:33.8,122,117,sitting,none,none
30:34.1,127,114,sitting,none,none
30:34.3,120,115,sitting,none,none
30:34.5,130,118,sitting,none,none
30:34.7,119,119,sitting,none,none
30:34.9,125,113,sitting,none,none
30:35.1,121,116,sitting,none,none
30:35.3,120,115,sitting,none,none
30:35.5,117,120,sitting,eating,food
30:35.7,115,116,sitting,none,none
30:35.9,113,119,sitting,eating,food
30:36.1,109,105,sitting,none,none
30:36.3,111,113,sitting,none,none
30:36.5,122,121,sitting,none,none
30:36.7,121,123,sitting,none,none
30:37.0,121,119,sitting,eating,food
30:37.2,122,121,sitting,eating,food
30:37.4,123,119,sitting,none,none
30:37.6,121,117,sitting,none,none
30:37.8,121,118,sitting,none,none
30:38.0,118,114,sitting,none,none
30:38.2,122,119,sitting,none,none
30:38.4,119,108,sitting,none,none
30:38.6,123,116,sitting,none,none
30:38.8,123,110,sitting,none,none
30:39.0,122,112,sitting,none,none
30:39.2,121,114,sitting,none,none
30:39.4,119,108,sitting,drinking,bottle
30:39.6,121,116,sitting,drinking,bottle
30:39.8,119,108,sitting,drinking,bottle
30:40.0,113,122,sitting,drinking,bottle
30:40.2,119,118,sitting,drinking,bottle
30:40.5,116,115,sitting,drinking,bottle
30:40.7,123,117,sitting,drinking,bottle
30:40.9,116,112,sitting,drinking,bottle
30:41.1,122,114,sitting,none,none
30:41.3,117,110,sitting,drinking,bottle
30:41.5,123,115,sitting,none,none
30:41.7,122,115,sitting,none,none
30:41.9,120,118,sitting,none,none
30:42.1,113,120,sitting,none,none
30:42.3,117,115,sitting,none,none
30:42.5,121,116,sitting,none,none
30:42.7,123,110,sitting,none,none
30:42.9,118,136,sitting,eating,food
30:43.1,122,117,sitting,none,none
30:43.3,121,121,sitting,none,none
30:43.5,110,116,sitting,none,none
30:43.7,113,126,sitting,none,none
30:44.0,122,117,sitting,none,none
30:44.2,119,112,sitting,none,none
30:44.4,126,118,sitting,none,none
30:44.6,120,113,sitting,none,none
30:44.8,128,115,sitting,none,none
30:45.0,120,107,sitting,none,none
30:45.2,133,102,sitting,none,none
30:45.4,127,101,sitting,none,none
30:45.6,125,106,sitting,none,none
30:45.8,120,119,sitting,none,none
30:46.0,123,110,sitting,none,none
30:46.2,121,115,sitting,none,none
30:46.4,124,111,sitting,none,none
30:46.6,120,120,sitting,none,none
30:46.8,122,116,sitting,none,none
30:47.0,114,122,sitting,none,none
30:47.3,114,123,sitting,none,none
30:47.5,112,106,sitting,none,none
30:47.7,118,120,sitting,none,none
30:47.9,115,114,sitting,none,none
30:48.1,125,119,sitting,none,none
30:48.3,127,112,sitting,none,none
30:48.5,127,115,sitting,none,none
30:48.7,130,114,sitting,none,none
30:48.9,127,107,sitting,none,none
30:49.1,126,118,sitting,none,none
30:49.3,123,113,sitting,none,none
30:49.5,128,113,sitting,none,none
30:49.7,119,108,sitting,none,none
30:49.9,122,107,sitting,none,none
30:50.1,115,109,sitting,none,none
30:50.3,120,108,sitting,eating,food
30:50.6,111,122,sitting,none,none
30:50.8,101,133,sitting,none,none
30:51.0,100,145,sitting,none,none
30:51.2,93,149,sitting,none,none
30:51.4,98,176,walking,none,none
30:51.6,94,169,walking,none,none
30:51.8,88,162,walking,none,none
30:52.0,83,173,walking,none,none
30:52.2,83,160,walking,none,none
30:52.4,68,154,walking,none,none
30:52.6,67,144,walking,none,none
30:52.8,74,130,walking,none,none
30:53.0,70,130,walking,none,none
30:53.2,71,125,walking,none,none
30:53.4,71,126,standing,none,none
30:53.6,82,124,standing,none,none
30:53.8,78,130,standing,none,none
30:54.1,82,121,standing,none,none
30:54.3,84,140,standing,none,none
30:54.5,82,138,standing,none,none
30:54.7,94,151,walking,none,none
30:54.9,94,152,standing,none,none
30:55.1,102,157,walking,none,none
30:55.3,98,159,standing,none,none
30:55.5,99,175,walking,none,none
30:55.7,100,195,walking,none,none
30:55.9,100,206,walking,none,none
30:56.1,106,228,walking,none,none
30:56.3,101,238,walking,none,none
30:56.5,105,253,walking,none,none
30:56.7,114,284,walking,none,none
30:56.9,110,295,walking,none,none
30:57.2,121,306,walking,none,none
30:57.4,129,322,walking,none,none
30:57.6,150,330,walking,none,none
30:57.8,164,321,walking,none,none
30:58.0,179,311,walking,none,none
30:58.2,191,326,walking,none,none
30:58.4,237,321,walking,none,none
30:58.6,246,305,walking,none,none
30:58.8,258,284,walking,none,none
30:59.0,260,289,walking,none,none
30:59.2,273,285,walking,none,none
30:59.4,312,284,walking,none,none
30:59.6,317,282,walking,none,none
30:59.8,322,284,walking,none,none
31:00.0,351,262,walking,none,none
31:00.2,370,245,walking,none,none
31:00.5,403,251,walking,none,none
31:00.7,417,243,walking,none,none
31:00.9,431,251,walking,none,none
31:01.1,435,265,walking,none,none
31:01.3,444,246,walking,none,none
31:01.5,444,271,walking,none,none
31:01.7,444,245,walking,none,none
31:01.9,451,263,walking,none,none
31:02.1,446,245,walking,none,none
31:02.3,463,271,walking,none,none
31:02.5,450,271,walking,none,none
31:02.7,475,294,walking,none,none
31:02.9,469,299,sitting,none,none
31:03.1,458,297,sitting,none,none
31:03.3,427,298,sitting,none,none
31:03.6,421,270,sitting,working,computer
31:03.8,417,279,sitting,working,computer
31:04.0,412,255,sitting,working,computer
31:04.2,415,270,sitting,working,computer
31:04.4,408,304,sitting,working,computer
31:04.6,424,311,sitting,working,computer
31:04.8,409,304,sitting,working,computer
31:05.0,429,306,sitting,working,computer
31:05.2,421,301,sitting,working,computer
31:05.4,451,299,sitting,working,computer
31:05.6,457,269,sitting,working,computer
31:05.8,457,269,sitting,working,computer
31:06.0,544,305,sitting,working,computer
31:06.2,459,286,sitting,working,computer
31:06.5,453,284,sitting,working,computer
31:06.7,429,278,sitting,working,computer
31:06.9,470,287,sitting,working,computer
31:07.1,422,275,sitting,working,computer
31:07.3,440,279,sitting,working,computer
31:07.5,420,275,sitting,working,computer
31:07.7,445,282,sitting,working,computer
31:07.9,442,282,sitting,working,computer
31:08.1,442,282,sitting,working,computer
31:08.3,438,280,sitting,working,computer
31:08.5,420,274,sitting,working,computer
31:08.7,443,280,sitting,working,computer
31:08.9,425,277,sitting,working,computer
31:09.1,451,284,sitting,working,computer
31:09.3,426,277,sitting,working,computer
31:09.6,444,282,sitting,working,computer
31:09.8,445,282,sitting,working,computer
31:10.0,446,282,sitting,working,computer
31:10.2,446,281,sitting,working,computer
31:10.4,426,277,sitting,working,computer
31:10.6,448,283,sitting,working,computer
31:10.8,424,277,sitting,working,computer
31:11.0,445,281,sitting,working,computer
31:11.2,421,275,sitting,working,computer
31:11.4,443,281,sitting,working,computer
31:11.6,425,276,sitting,working,computer
31:11.8,452,284,sitting,working,computer
31:12.0,388,268,sitting,none,none
31:12.2,446,282,sitting,working,computer
31:12.4,448,284,sitting,working,computer
31:12.7,429,279,sitting,working,computer
31:12.9,450,284,sitting,working,computer
31:13.1,429,278,sitting,working,computer
31:13.3,451,283,sitting,working,computer
31:13.5,427,277,sitting,working,computer
31:13.7,449,282,sitting,working,computer
31:13.9,449,282,sitting,working,computer
31:14.1,449,282,sitting,working,computer
31:14.3,439,280,sitting,working,computer
31:14.5,419,275,sitting,working,computer
31:14.7,384,267,sitting,none,none
31:14.9,425,277,sitting,working,computer
31:15.1,449,283,sitting,working,computer
31:15.3,422,276,sitting,working,computer
31:15.5,442,281,sitting,working,computer
31:15.8,447,284,sitting,working,computer
31:16.0,424,277,sitting,working,computer
31:16.2,445,282,sitting,working,computer
31:16.4,389,269,sitting,working,computer
31:16.6,450,285,sitting,working,computer
31:16.8,425,278,sitting,working,computer
31:17.0,445,282,sitting,working,computer
31:17.2,452,286,sitting,working,computer
31:17.4,452,286,sitting,working,computer
31:17.6,450,284,sitting,working,computer
31:17.8,450,284,sitting,working,computer
31:18.0,449,283,sitting,working,computer
31:18.2,424,276,sitting,working,computer
31:18.4,445,281,sitting,working,computer
31:18.6,426,277,sitting,working,computer
31:18.8,452,284,sitting,working,computer
31:19.1,425,278,sitting,working,computer
31:19.3,444,283,sitting,working,computer
31:19.5,446,283,sitting,working,computer
31:19.7,386,267,sitting,none,none
31:19.9,383,266,sitting,none,none
31:20.1,426,278,sitting,working,computer
31:20.3,452,285,sitting,working,computer
31:20.5,423,276,sitting,working,computer
31:20.7,439,279,sitting,working,computer
31:20.9,442,281,sitting,working,computer
31:21.1,446,282,sitting,working,computer
31:21.3,451,284,sitting,working,computer
31:21.5,430,280,sitting,working,computer
31:21.7,453,286,sitting,working,computer
31:21.9,429,280,sitting,working,computer
31:22.1,447,284,sitting,working,computer
31:22.4,428,280,sitting,working,computer
31:22.6,451,286,sitting,working,computer
31:22.8,448,285,sitting,working,computer
31:23.0,522,303,sitting,working,computer
31:23.2,535,305,sitting,working,computer
31:23.4,535,305,sitting,working,computer
31:23.6,454,285,sitting,working,computer
31:23.8,455,285,sitting,working,computer
31:24.0,432,278,sitting,working,computer
31:24.2,452,283,sitting,working,computer
31:24.4,436,280,sitting,working,computer
31:24.6,461,288,sitting,working,computer
31:24.8,437,282,sitting,working,computer
31:25.0,454,286,sitting,working,computer
31:25.2,400,273,sitting,working,computer
31:25.4,429,278,sitting,working,computer
31:25.7,446,281,sitting,working,computer
31:25.9,446,281,sitting,working,computer
31:26.1,529,305,sitting,working,computer
31:26.3,460,289,sitting,working,computer
31:26.5,460,288,sitting,working,computer
31:26.7,456,286,sitting,working,computer
31:26.9,401,274,sitting,working,computer
31:27.1,454,287,sitting,working,computer
31:27.3,434,281,sitting,working,computer
31:27.5,453,286,sitting,working,computer
31:27.7,433,281,sitting,working,computer
31:27.9,451,285,sitting,working,computer
31:28.1,395,271,sitting,none,none
31:28.3,392,270,sitting,none,none
31:28.5,451,286,sitting,working,computer
31:28.8,429,279,sitting,working,computer
31:29.0,447,283,sitting,working,computer
31:29.2,433,279,sitting,working,computer
31:29.4,458,287,sitting,working,computer
31:29.6,435,281,sitting,working,computer
31:29.8,455,286,sitting,working,computer
31:30.0,451,284,sitting,working,computer
31:30.2,445,283,sitting,working,computer
31:30.4,444,283,sitting,working,computer
31:30.6,448,283,sitting,working,computer
31:30.8,527,304,sitting,working,computer
31:31.0,394,268,sitting,working,computer
31:31.2,453,283,sitting,working,computer
31:31.4,431,278,sitting,working,computer
31:31.6,452,284,sitting,working,computer
31:31.9,454,284,sitting,working,computer
31:32.1,397,268,sitting,working,computer
31:32.3,453,285,sitting,working,computer
31:32.5,436,281,sitting,working,computer
31:32.7,458,287,sitting,working,computer
31:32.9,432,280,sitting,working,computer
31:33.1,447,283,sitting,working,computer
31:33.3,430,279,sitting,working,computer
31:33.5,454,285,sitting,working,computer
31:33.7,449,283,sitting,working,computer
31:33.9,449,283,sitting,working,computer
31:34.1,386,263,sitting,none,none
31:34.3,429,278,sitting,working,computer
31:34.5,454,286,sitting,working,computer
31:34.7,435,281,sitting,working,computer
31:35.0,455,286,sitting,working,computer
31:35.2,431,279,sitting,working,computer
31:35.4,445,282,sitting,working,computer
31:35.6,447,282,sitting,working,computer
31:35.8,447,283,sitting,working,computer
31:36.0,449,285,sitting,working,computer
31:36.2,433,282,sitting,working,computer
31:36.4,455,288,sitting,working,computer
31:36.6,432,281,sitting,working,computer
31:36.8,451,284,sitting,working,computer
31:37.0,456,286,sitting,working,computer
31:37.2,399,273,sitting,working,computer
31:37.4,452,286,sitting,working,computer
31:37.6,434,282,sitting,working,computer
31:37.8,457,287,sitting,working,computer
31:38.1,434,280,sitting,working,computer
31:38.3,393,269,sitting,working,computer
31:38.5,452,286,sitting,working,computer
31:38.7,452,286,sitting,working,computer
31:38.9,457,287,sitting,working,computer
31:39.1,457,287,sitting,working,computer
31:39.3,459,289,sitting,working,computer
31:39.5,438,284,sitting,working,computer
31:39.7,455,288,sitting,working,computer
31:39.9,434,282,sitting,working,computer
31:40.1,452,285,sitting,working,computer
31:40.3,435,282,sitting,working,computer
31:40.5,453,288,sitting,working,computer
31:40.7,449,284,sitting,working,computer
31:40.9,397,271,sitting,working,computer
31:41.1,450,285,sitting,working,computer
31:41.4,428,279,sitting,working,computer
31:41.6,440,282,sitting,working,computer
31:41.8,426,279,sitting,working,computer
31:42.0,455,286,sitting,working,computer
31:42.2,434,281,sitting,working,computer
31:42.4,453,285,sitting,working,computer
31:42.6,460,288,sitting,working,computer
31:42.8,460,288,sitting,working,computer
31:43.0,398,272,sitting,working,computer
31:43.2,429,279,sitting,working,computer
31:43.4,447,283,sitting,working,computer
31:43.6,428,278,sitting,working,computer
31:43.8,449,284,sitting,working,computer
31:44.0,452,286,sitting,working,computer
31:44.2,450,286,sitting,working,computer
31:44.5,451,287,sitting,working,computer
31:44.7,453,287,sitting,working,computer
31:44.9,454,287,sitting,working,computer
31:45.1,454,287,sitting,working,computer
31:45.3,447,283,sitting,working,computer
31:45.5,432,280,sitting,working,computer
31:45.7,452,285,sitting,working,computer
31:45.9,436,281,sitting,working,computer
31:46.1,454,285,sitting,working,computer
31:46.3,439,278,sitting,working,computer
31:46.5,419,272,sitting,working,computer
31:46.7,436,277,sitting,working,computer
31:46.9,419,273,sitting,working,computer
31:47.1,439,279,sitting,working,computer
31:47.3,420,274,sitting,working,computer
31:47.6,439,279,sitting,working,computer
31:47.8,422,275,sitting,working,computer
31:48.0,441,280,sitting,working,computer
31:48.2,436,278,sitting,working,computer
31:48.4,436,278,sitting,working,computer
31:48.6,437,278,sitting,working,computer
31:48.8,383,264,sitting,working,computer
31:49.0,410,279,sitting,working,computer
31:49.2,410,279,sitting,working,computer
31:49.4,446,285,sitting,working,computer
31:49.6,429,281,sitting,working,computer
31:49.8,445,285,sitting,working,computer
31:50.0,425,279,sitting,working,computer
31:50.2,440,282,sitting,working,computer
31:50.4,386,266,sitting,none,none
31:50.6,386,266,sitting,none,none
31:50.9,442,282,sitting,working,computer
31:51.1,422,276,sitting,working,computer
31:51.3,439,280,sitting,working,computer
31:51.5,418,273,sitting,working,computer
31:51.7,435,277,sitting,working,computer
31:51.9,420,274,sitting,working,computer
31:52.1,442,281,sitting,working,computer
31:52.3,424,276,sitting,working,computer
31:52.5,441,281,sitting,working,computer
31:52.7,444,282,sitting,working,computer
31:52.9,448,285,sitting,working,computer
31:53.1,456,290,sitting,working,computer
31:53.3,442,288,sitting,working,computer
31:53.5,460,296,sitting,working,computer
31:53.7,444,293,sitting,working,computer
31:54.0,281,305,sitting,none,none
31:54.2,368,309,sitting,none,none
31:54.4,368,309,sitting,none,none
31:54.6,358,296,sitting,none,none
31:54.8,358,296,sitting,none,none
31:55.0,358,260,sitting,working,computer
31:55.2,384,275,sitting,none,none
31:55.4,383,292,sitting,none,none
31:55.6,336,289,sitting,none,none
31:55.8,350,298,sitting,none,none
31:56.0,349,269,walking,none,none
31:56.2,170,259,walking,none,none
31:56.4,134,252,walking,none,none
31:56.6,342,273,walking,none,none
31:56.8,344,267,walking,none,none
31:57.1,357,225,walking,none,none
31:57.3,346,238,walking,none,none
31:57.5,353,223,walking,none,none
31:57.7,361,241,walking,none,none
31:57.9,369,241,walking,none,none
31:58.1,371,259,standing,none,none
31:58.3,368,254,standing,none,none
31:58.5,368,250,standing,none,none
31:58.7,365,256,standing,none,none
31:58.9,366,256,standing,none,none
31:59.1,365,258,standing,none,none
31:59.3,362,256,standing,none,none
31:59.5,361,278,standing,none,none
31:59.7,365,242,standing,none,none
31:59.9,360,255,standing,none,none
32:00.2,340,240,standing,none,none
32:00.4,338,258,standing,none,none
32:00.6,355,261,standing,none,none
32:00.8,368,257,standing,none,none
32:01.0,363,269,standing,none,none
32:01.2,352,254,standing,none,none
32:01.4,316,257,standing,none,none
32:01.6,315,254,walking,none,none
32:01.8,330,270,walking,none,none
32:02.0,310,265,walking,none,none
32:02.2,279,262,walking,none,none
32:02.4,291,277,walking,none,none
32:02.7,249,263,walking,none,none
32:02.9,218,264,walking,none,none
32:03.1,236,262,standing,none,none
32:03.3,214,273,standing,none,none
32:03.5,212,292,walking,none,none
32:03.7,177,282,walking,none,none
32:03.9,167,285,walking,none,none
32:04.1,155,285,standing,none,none
32:04.3,144,314,walking,none,none
32:04.5,140,312,walking,none,none
32:04.7,137,323,walking,none,none
32:04.9,138,347,walking,none,none
32:05.1,142,361,walking,none,none
32:05.4,147,385,walking,none,none
32:05.6,152,394,walking,none,none
32:05.8,169,407,walking,none,none
32:06.0,171,400,standing,none,none
32:06.2,168,422,walking,none,none
32:06.4,174,407,walking,none,none